{"cameraMode":{"drawMode":0,"name":"Shaded","section":"Shading Mode"},"sceneLighting":true,"audioPlay":false,"sceneViewState":{"m_AlwaysRefresh":false,"showFog":true,"showSkybox":true,"showFlares":true,"showImageEffects":true,"showParticleSystems":true,"showVisualEffectGraphs":true,"m_FxEnabled":true},"in2DMode":false,"pivot":{"x":-145.94691467285157,"y":6.4774322509765629,"z":28.947858810424806},"rotation":{"x":0.007026412524282932,"y":-0.708286464214325,"z":0.006135079078376293,"w":0.7054113745689392},"size":87.876220703125,"orthographic":false}